{
  "tsm_path": "C:/Ascension Launcher/resources/client/WTF/Account/Xurkon/SavedVariables/TradeSkillMaster.lua",
  "profiles": [
    "C:/Ascension Launcher/resources/client/WTF/Account/Xurkon/SavedVariables/TradeSkillMaster.lua",
    "C:/Ascension Launcher/resources/client/WTF/Account/Xurkon/SavedVariables/FULLTradeSkillMaster - Copy.lua"
  ],
  "window_x": -8,
  "window_y": -8,
  "window_width": 1920,
  "window_height": 1009,
  "sash_positions": [
    363,
    599,
    1259
  ]
}